id,primaryTitle,type,startYear,grossWorldwide,averageRating,numVotes,metascore,decada
tt0111161,The Shawshank Redemption,movie,1994,29424909.0,9.3,3219026,82.0,1990
tt0068646,The Godfather,movie,1972,250933436.0,9.2,2244201,100.0,1970
tt0468569,The Dark Knight,movie,2008,1008480203.0,9.1,3204629,85.0,2000
tt0071562,The Godfather Part II,movie,1974,48209545.0,9.0,1505420,90.0,1970
tt0167260,The Lord of the Rings: The Return of the King,movie,2003,1149453674.0,9.0,2181632,94.0,2000
tt0050083,12 Angry Men,movie,1957,13168.0,9.0,996035,97.0,1950
tt0108052,Schindler's List,movie,1993,322161245.0,9.0,1595817,95.0,1990
tt0120737,The Lord of the Rings: The Fellowship of the Ring,movie,2001,897539618.0,8.9,2224790,92.0,2000
tt0110912,Pulp Fiction,movie,1994,213928762.0,8.8,2455116,95.0,1990
tt0060196,"The Good, the Bad and the Ugly",movie,1966,25280183.0,8.8,896337,90.0,1960
tt0167261,The Lord of the Rings: The Two Towers,movie,2002,945185917.0,8.8,1973312,87.0,2000
tt0109830,Forrest Gump,movie,1994,678226465.0,8.8,2519721,82.0,1990
tt0137523,Fight Club,movie,1999,102438967.0,8.8,2641980,67.0,1990
tt1375666,Inception,movie,2010,839796627.0,8.8,2849077,74.0,2010
tt0080684,Star Wars: Episode V - The Empire Strikes Back,movie,1980,550016086.0,8.7,1516392,82.0,1980
tt0133093,The Matrix,movie,1999,473333509.0,8.7,2266147,73.0,1990
tt0816692,Interstellar,movie,2014,764344535.0,8.7,2579990,74.0,2010
tt0099685,GoodFellas,movie,1990,47292032.0,8.7,1404679,92.0,1990
tt0073486,One Flew Over the Cuckoo's Nest,movie,1975,109130852.0,8.6,1162651,84.0,1970
tt0114369,Seven,movie,1995,329813591.0,8.6,2044647,65.0,1990
tt0038650,It's a Wonderful Life,movie,1946,11497647.0,8.6,557068,89.0,1940
tt0102926,The Silence of the Lambs,movie,1991,273138318.0,8.6,1738870,86.0,1990
tt0120815,Saving Private Ryan,movie,1998,482352390.0,8.6,1653555,91.0,1990
tt0047478,Seven Samurai,movie,1954,1130429.0,8.6,404161,98.0,1950
tt0120689,The Green Mile,movie,1999,286801374.0,8.6,1575799,61.0,1990
tt0317248,City of God,movie,2002,30685656.0,8.6,877701,79.0,2000
tt0118799,Life Is Beautiful,movie,1997,230099013.0,8.6,818783,58.0,1990
tt0103064,Terminator 2: Judgment Day,movie,1991,517814175.0,8.6,1293310,75.0,1990
tt0088763,Back to the Future,movie,1985,392976852.0,8.5,1466723,88.0,1980
tt0076759,Star Wars: Episode IV - A New Hope,movie,1977,775398507.0,8.6,1581533,90.0,1970
tt6019206,Kill Bill: The Whole Bloody Affair,movie,2004,13089431.0,8.7,51827,95.0,2000
tt0245429,Spirited Away,movie,2001,360795806.0,8.6,978488,96.0,2000
tt0172495,Gladiator,movie,2000,465518644.0,8.5,1869430,67.0,2000
tt0253474,The Pianist,movie,2002,120098945.0,8.5,1019733,85.0,2000
tt6751668,Parasite,movie,2019,263423899.0,8.5,1183914,97.0,2010
tt0095327,Grave of the Fireflies,movie,1988,4707975.0,8.5,392294,94.0,1980
tt0056058,Harakiri,movie,1962,15222.0,8.6,93033,85.0,1960
tt0054215,Psycho,movie,1960,32276120.0,8.5,790839,97.0,1960
tt0110357,The Lion King,movie,1994,979161632.0,8.5,1270658,88.0,1990
tt0407887,The Departed,movie,2006,292095981.0,8.5,1568818,85.0,2000
tt2582802,Whiplash,movie,2014,50431161.0,8.5,1171605,89.0,2010
tt0482571,The Prestige,movie,2006,109676311.0,8.5,1611350,66.0,2000
tt0120586,American History X,movie,1998,23875714.0,8.5,1281171,62.0,1990
tt9362722,Spider-Man: Across the Spider-Verse,movie,2023,690824738.0,8.5,541329,86.0,2020
tt0110413,Léon: The Professional,movie,1994,20330788.0,8.5,1359764,64.0,1990
tt0095765,Cinema Paradiso,movie,1988,13502484.0,8.5,319062,80.0,1980
tt0034583,Casablanca,movie,1942,4757681.0,8.5,658490,100.0,1940
tt1675434,The Intouchables,movie,2011,426590315.0,8.5,1036529,57.0,2010
tt0114814,The Usual Suspects,movie,1995,23343219.0,8.5,1247355,76.0,1990
tt1853728,Django Unchained,movie,2012,426079005.0,8.5,1902162,81.0,2010
tt0078748,Alien,movie,1979,109726643.0,8.4,1071667,89.0,1970
tt0047396,Rear Window,movie,1954,37918896.0,8.4,571660,100.0,1950
tt0027977,Modern Times,movie,1936,469661.0,8.5,286821,96.0,1930
tt0064116,Once Upon a Time in the West,movie,1968,5445580.0,8.5,386341,82.0,1960
tt33764258,The Odyssey,movie,2026,922051460.0,8.5,348090,88.0,2020
tt0021749,City Lights,movie,1931,56018.0,8.5,217547,99.0,1930
tt0910970,WALL·E,movie,2008,527404782.0,8.4,1334115,95.0,2000
tt0078788,Apocalypse Now,movie,1979,105513178.0,8.4,774972,94.0,1970
tt0209144,Memento,movie,2000,43260108.0,8.4,1450156,83.0,2000
tt4154756,Avengers: Infinity War,movie,2018,2052415039.0,8.4,1393829,68.0,2010
tt15239678,Dune: Part Two,movie,2024,714844358.0,8.4,781524,79.0,2020
tt0082971,Raiders of the Lost Ark,movie,1981,389925971.0,8.4,1116659,86.0,1980
tt4633694,Spider-Man: Into the Spider-Verse,movie,2018,394884133.0,8.4,804765,87.0,2010
tt0405094,The Lives of Others,movie,2006,77672685.0,8.4,445571,89.0,2000
tt0043014,Sunset Boulevard,movie,1950,339342.0,8.4,262826,94.0,1950
tt0051201,Witness for the Prosecution,movie,1957,7903.0,8.4,163463,76.0,1950
tt0050825,Paths of Glory,movie,1957,9307.0,8.4,241545,90.0,1950
tt0081505,The Shining,movie,1980,50312025.0,8.4,1236777,68.0,1980
tt0032553,The Great Dictator,movie,1940,972212.0,8.4,259512,NULL,1940
tt0361748,Inglourious Basterds,movie,2009,321461171.0,8.4,1806286,69.0,2000
tt0090605,Aliens,movie,1986,131060248.0,8.4,844780,84.0,1980
tt23849204,12th Fail,movie,2023,138288.0,8.7,175242,NULL,2020
tt0057565,High and Low,movie,1963,72745.0,8.4,72863,90.0,1960
tt4154796,Avengers: Endgame,movie,2019,2799439100.0,8.4,1469332,78.0,2010
tt0119217,Good Will Hunting,movie,1997,225933435.0,8.4,1232731,71.0,1990
tt2380307,Coco,movie,2017,822423956.0,8.4,719956,81.0,2010
tt1345836,The Dark Knight Rises,movie,2012,1085429532.0,8.4,2015322,78.0,2010
tt0114709,Toy Story,movie,1995,401157969.0,8.3,1191245,96.0,1990
tt0086879,Amadeus,movie,1984,52271162.0,8.4,471289,87.0,1980
tt5311514,Your Name.,movie,2016,405631820.0,8.4,400218,81.0,2010
tt0082096,Das Boot,movie,1981,11489279.0,8.3,289519,85.0,1980
tt0112573,Braveheart,movie,1995,213216216.0,8.3,1168115,68.0,1990
tt0119698,Princess Mononoke,movie,1997,34598531.0,8.3,487968,78.0,1990
tt1187043,3 Idiots,movie,2009,60262836.0,8.4,486975,67.0,2000
tt0364569,Oldboy,movie,2003,17617021.0,8.3,727174,78.0,2000
tt0057012,Dr. Strangelove or: How I Learned to Stop Worrying and Love the Bomb,movie,1964,9820632.0,8.3,552852,97.0,1960
tt0169547,American Beauty,movie,1999,356296601.0,8.3,1284509,84.0,1990
tt8267604,Capernaum,movie,2018,64417003.0,8.4,125920,75.0,2010
tt0045152,Singin' in the Rain,movie,1952,2113091.0,8.3,284620,99.0,1950
tt0087843,Once Upon a Time in America,movie,1984,5476424.0,8.3,410505,75.0,1980
tt7286456,Joker,movie,2019,1078958629.0,8.3,1713349,59.0,2010
tt0435761,Toy Story 3,movie,2010,1067316101.0,8.3,984316,92.0,2010
tt0086190,Star Wars: Episode VI - Return of the Jedi,movie,1983,482466382.0,8.3,1218630,58.0,1980
tt0091251,Come and See,movie,1985,20929648.0,8.3,125248,NULL,1980
tt0180093,Requiem for a Dream,movie,2000,7391471.0,8.3,980635,71.0,2000
tt0044741,Ikiru,movie,1952,112105.0,8.3,103315,92.0,1950
tt1255953,Incendies,movie,2010,6788782.0,8.3,256228,80.0,2010
tt2106476,The Hunt,movie,2012,15886373.0,8.3,414922,77.0,2010
tt0338013,Eternal Sunshine of the Spotless Mind,movie,2004,72944255.0,8.3,1190603,89.0,2000
tt0053604,The Apartment,movie,1960,18783770.0,8.3,221986,94.0,1960
tt0056172,Lawrence of Arabia,movie,1962,46341756.0,8.3,344195,100.0,1960
tt0113277,Heat,movie,1995,187436818.0,8.3,813355,76.0,1990
tt0086250,Scarface,movie,1983,66443303.0,8.3,1027530,65.0,1980
tt0105236,Reservoir Dogs,movie,1992,2942225.0,8.2,1177043,81.0,1990
tt0062622,2001: A Space Odyssey,movie,1968,70035962.0,8.3,788945,84.0,1960
tt1049413,Up,movie,2009,735103954.0,8.3,1248713,88.0,2000
tt33175825,Attack on Titan: The Last Attack,movie,2024,25956985.0,8.9,34139,NULL,2020
tt0036775,Double Indemnity,movie,1944,22760.0,8.3,182581,95.0,1940
tt0986264,Like Stars on Earth,movie,2007,21897373.0,8.3,234781,NULL,2000
tt0053125,North by Northwest,movie,1959,209478.0,8.3,370397,98.0,1950
tt0093058,Full Metal Jacket,movie,1987,50879079.0,8.2,855845,78.0,1980
tt1832382,A Separation,movie,2011,22926076.0,8.3,279413,95.0,2010
tt0022100,M,movie,1931,35566.0,8.3,183756,NULL,1930
tt0211915,Amélie,movie,2001,175556376.0,8.2,844309,70.0,2000
tt31514146,I Swear,movie,2025,16063720.0,8.4,56102,70.0,2020
tt0095016,Die Hard,movie,1988,143651650.0,8.2,1035655,72.0,1980
tt0052357,Vertigo,movie,1958,8000605.0,8.2,461004,100.0,1950
tt0033467,Citizen Kane,movie,1941,1967994.0,8.2,495133,100.0,1940
tt0056592,To Kill a Mockingbird,movie,1962,611817.0,8.2,352213,88.0,1960
tt0097576,Indiana Jones and the Last Crusade,movie,1989,474171806.0,8.2,868193,65.0,1980
tt0070735,The Sting,movie,1973,156005969.0,8.2,304219,83.0,1970
tt0058625,Woman in the Dunes,movie,1964,NULL,8.4,25791,NULL,1960
tt0066921,A Clockwork Orange,movie,1971,27193679.0,8.2,941289,77.0,1970
tt0017136,Metropolis,movie,1927,1354287.0,8.2,202365,98.0,1920
tt8579674,1917,movie,2019,446064352.0,8.2,780477,78.0,2010
tt0208092,Snatch,movie,2000,83558617.0,8.2,981803,55.0,2000
tt0993846,The Wolf of Wall Street,movie,2013,407039432.0,8.2,1812224,75.0,2010
tt0120382,The Truman Show,movie,1998,264118712.0,8.2,1393901,90.0,1990
tt0363163,Downfall,movie,2004,92181574.0,8.2,402579,82.0,2000
tt0119488,L.A. Confidential,movie,1997,126216940.0,8.2,661475,91.0,1990
tt1130884,Shutter Island,movie,2010,294978537.0,8.2,1670330,63.0,2010
tt5074352,Dangal,movie,2016,303726694.0,8.3,246364,NULL,2010
tt6966692,Green Book,movie,2018,321752656.0,8.2,697141,69.0,2010
tt0040522,Bicycle Thieves,movie,1948,459298.0,8.2,192599,NULL,1940
tt0055031,Judgment at Nuremberg,movie,1961,12180.0,8.3,97791,60.0,1960
tt15398776,Oppenheimer,movie,2023,975811333.0,8.2,1078945,90.0,2020
tt0107290,Jurassic Park,movie,1993,1103120459.0,8.2,1191487,68.0,1990
tt0372784,Batman Begins,movie,2005,375587589.0,8.2,1733117,70.0,2000
tt0059578,For a Few Dollars More,movie,1965,15001995.0,8.2,302360,74.0,1960
tt8503618,Hamilton,movie,2020,20943625.0,8.3,141597,88.0,2020
tt0053291,Some Like It Hot,movie,1959,215406.0,8.2,306251,98.0,1950
tt0075314,Taxi Driver,movie,1976,29000421.0,8.2,1035878,94.0,1970
tt0469494,There Will Be Blood,movie,2007,76195140.0,8.2,715210,93.0,2000
tt10272386,The Father,movie,2020,23175189.0,8.2,247947,88.0,2020
tt0012349,The Kid,movie,1921,46650.0,8.2,146533,NULL,1920
tt0042192,All About Eve,movie,1950,162640.0,8.2,150078,98.0,1950
tt0167404,The Sixth Sense,movie,1999,672806731.0,8.2,1154144,64.0,1990
tt0089881,Ran,movie,1985,4424869.0,8.2,153557,97.0,1980
tt0112641,Casino,movie,1995,116112375.0,8.2,624808,73.0,1990
tt0084787,The Thing,movie,1982,20888987.0,8.2,531543,57.0,1980
tt0477348,No Country for Old Men,movie,2007,171635732.0,8.2,1204876,92.0,2000
tt1392214,Prisoners,movie,2013,122127446.0,8.2,949733,70.0,2010
tt12042730,Project Hail Mary,movie,2026,684234722.0,8.2,486750,77.0,2020
tt1745960,Top Gun: Maverick,movie,2022,1503260455.0,8.2,896647,78.0,2020
tt0266697,Kill Bill: Vol. 1,movie,2003,180908413.0,8.2,1318336,69.0,2000
tt0457430,Pan's Labyrinth,movie,2006,83863565.0,8.2,750575,98.0,2000
tt0105695,Unforgiven,movie,1992,159167799.0,8.2,470842,85.0,1990
tt0268978,A Beautiful Mind,movie,2001,316791257.0,8.2,1059810,72.0,2000
tt0347149,Howl's Moving Castle,movie,2004,243614402.0,8.2,518358,82.0,2000
tt0040897,The Treasure of the Sierra Madre,movie,1948,5014124.0,8.2,142225,98.0,1940
tt0266543,Finding Nemo,movie,2003,941637960.0,8.2,1219109,90.0,2000
tt32820897,Demon Slayer: Kimetsu No Yaiba Infinity Castle,movie,2025,793594078.0,8.4,78987,67.0,2020
tt4729430,Klaus,movie,2019,NULL,8.2,240526,65.0,2010
tt0055630,Yojimbo,movie,1961,73334.0,8.2,144080,93.0,1960
tt0080678,The Elephant Man,movie,1980,26078397.0,8.2,283153,78.0,1980
tt0057115,The Great Escape,movie,1963,232707.0,8.2,278993,86.0,1960
tt0071853,Monty Python and the Holy Grail,movie,1975,2942232.0,8.1,605899,91.0,1970
tt0046912,Dial M for Murder,movie,1954,45773.0,8.1,206139,75.0,1950
tt1305806,The Secret in Their Eyes,movie,2009,35079650.0,8.2,244184,80.0,2000
tt0031381,Gone with the Wind,movie,1939,402382193.0,8.2,357410,97.0,1930
tt0120735,"Lock, Stock and Two Smoking Barrels",movie,1998,3753929.0,8.1,652077,67.0,1990
tt0071315,Chinatown,movie,1974,29236061.0,8.1,378538,92.0,1970
tt0264464,Catch Me If You Can,movie,2002,352114312.0,8.1,1255617,75.0,2000
tt0434409,V for Vendetta,movie,2005,134686457.0,8.1,1252347,62.0,2000
tt0346336,The Best of Youth,movie,2003,2799773.0,8.4,28539,89.0,2000
tt2096673,Inside Out,movie,2015,859076401.0,8.1,926683,94.0,2010
tt0097165,Dead Poets Society,movie,1989,235860116.0,8.1,663088,79.0,1980
tt0117951,Trainspotting,movie,1996,17394237.0,8.1,771878,83.0,1990
tt5027774,"Three Billboards Outside Ebbing, Missouri",movie,2017,162729321.0,8.1,612783,88.0,2010
tt1201607,Harry Potter and the Deathly Hallows: Part 2,movie,2011,1342942050.0,8.1,1056349,85.0,2010
tt0050212,The Bridge on the River Kwai,movie,1957,27202719.0,8.1,249829,88.0,1950
tt0042876,Rashomon,movie,1950,147443.0,8.1,197918,98.0,1950
tt0072684,Barry Lyndon,movie,1975,597331.0,8.1,206992,89.0,1970
tt29623480,The Wild Robot,movie,2024,334509500.0,8.2,233159,85.0,2020
tt0052618,Ben-Hur,movie,1959,74445133.0,8.1,272480,90.0,1950
tt1291584,Warrior,movie,2011,23308615.0,8.1,531848,71.0,2010
tt0116282,Fargo,movie,1996,60611975.0,8.1,792135,88.0,1990
tt2119532,Hacksaw Ridge,movie,2016,180563636.0,8.1,691126,71.0,2010
tt1392190,Mad Max: Fury Road,movie,2015,380456026.0,8.1,1215252,90.0,2010
tt0405159,Million Dollar Baby,movie,2004,216763646.0,8.1,770563,86.0,2000
tt0382932,Ratatouille,movie,2007,623746563.0,8.1,958110,96.0,2000
tt0118849,Children of Heaven,movie,1997,933933.0,8.2,90819,77.0,1990
tt0096283,My Neighbor Totoro,movie,1988,32034152.0,8.1,436795,87.0,1980
tt1205489,Gran Torino,movie,2008,269958228.0,8.1,867139,73.0,2000
tt0081398,Raging Bull,movie,1980,23406558.0,8.1,412445,90.0,1980
tt2024544,12 Years a Slave,movie,2013,187734091.0,8.1,791703,96.0,2010
tt0353969,Memories of Murder,movie,2003,1213056.0,8.1,272127,82.0,2000
tt0892769,How to Train Your Dragon,movie,2010,494879860.0,8.1,903726,75.0,2010
tt2278388,The Grand Budapest Hotel,movie,2014,174567384.0,8.1,981448,88.0,2010
tt0112471,Before Sunrise,movie,1995,6644294.0,8.1,381809,79.0,1990
tt0083658,Blade Runner,movie,1982,41824552.0,8.1,886953,84.0,1980
tt0198781,"Monsters, Inc.",movie,2001,579773055.0,8.1,1085337,79.0,2000
tt2267998,Gone Girl,movie,2014,370890259.0,8.1,1180748,79.0,2010
tt0073195,Jaws,movie,1975,490736300.0,8.1,745824,87.0,1970
tt1950186,Ford v Ferrari,movie,2019,226299480.0,8.1,580937,81.0,2010
tt10872600,Spider-Man: No Way Home,movie,2021,1921426073.0,8.1,1049415,71.0,2020
tt0107207,In the Name of the Father,movie,1993,65796862.0,8.1,203962,84.0,1990
tt3011894,Wild Tales,movie,2014,31478893.0,8.1,240387,77.0,2010
tt0015864,The Gold Rush,movie,1925,83020.0,8.1,128741,90.0,1920
tt0015324,Sherlock Jr.,movie,1924,12065.0,8.1,66560,NULL,1920
tt0978762,Mary and Max,movie,2009,1740845.0,8.1,202703,72.0,2000
tt30472557,Chainsaw Man - The Movie: Reze Arc,movie,2025,162440471.0,8.3,64410,71.0,2020
tt5323662,A Silent Voice: The Movie,movie,2016,30819442.0,8.2,147251,78.0,2010
tt0046268,The Wages of Fear,movie,1953,22326.0,8.1,74063,85.0,1950
tt0077416,The Deer Hunter,movie,1978,49080334.0,8.1,388047,90.0,1970
tt0075148,Rocky,movie,1976,117253345.0,8.1,696998,70.0,1970
tt3315342,Logan,movie,2017,619180476.0,8.1,934339,77.0,2010
tt0017925,The General,movie,1926,2951.0,8.1,105667,NULL,1920
tt0325980,Pirates of the Caribbean: The Curse of the Black Pearl,movie,2003,654264835.0,8.1,1338214,63.0,2000
tt22084616,Spider-Man: Brand New Day,movie,2026,1052956180.0,8.2,140349,66.0,2020
tt0031679,Mr. Smith Goes to Washington,movie,1939,146448.0,8.1,130099,73.0,1930
tt0046438,Tokyo Story,movie,1953,108861.0,8.1,78394,100.0,1950
tt0113247,La haine,movie,1995,805316.0,8.1,229774,NULL,1990
tt1895587,Spotlight,movie,2015,98690254.0,8.1,538613,93.0,2010
tt0252488,The Chaos Class Failed the Class,movie,1975,NULL,8.4,31156,NULL,1970
tt0059742,The Sound of Music,movie,1965,161519336.0,8.1,293447,63.0,1960
tt15097216,Jai Bhim,movie,2021,NULL,8.6,235531,NULL,2020
tt26548265,Maharaja,movie,2024,975543.0,8.3,84211,NULL,2020
tt0047296,On the Waterfront,movie,1954,3768.0,8.1,179993,91.0,1950
tt0088247,The Terminator,movie,1984,78371200.0,8.1,1012578,84.0,1980
tt0050986,Wild Strawberries,movie,1957,104614.0,8.1,125290,88.0,1950
tt0036868,The Best Years of Our Lives,movie,1946,23667133.0,8.1,76776,93.0,1940
tt0041959,The Third Man,movie,1949,1429209.0,8.1,196655,97.0,1940
tt0118715,The Big Lebowski,movie,1998,48261691.0,8.1,921354,71.0,1990
tt0317705,The Incredibles,movie,2004,631688498.0,8.0,911125,90.0,2000
tt0381681,Before Sunset,movie,2004,16373310.0,8.1,318123,91.0,2000
tt1028532,Hachi: A Dog's Tale,movie,2009,46749646.0,8.1,346271,NULL,2000
tt3170832,Room,movie,2015,35402766.0,8.1,483005,86.0,2010
tt0050976,The Seventh Seal,movie,1957,335862.0,8.1,216733,88.0,1950
tt0395169,Hotel Rwanda,movie,2004,33882243.0,8.1,393775,79.0,2000
tt0070047,The Exorcist,movie,1973,430872776.0,8.1,501992,83.0,1970
tt0091763,Platoon,movie,1986,138547185.0,8.0,475069,92.0,1980
tt0129167,The Iron Giant,movie,1999,23340070.0,8.1,263673,85.0,1990
tt1979320,Rush,movie,2013,93328577.0,8.1,563909,74.0,2010
tt0092005,Stand by Me,movie,1986,54318325.0,8.1,491764,76.0,1980
tt0032138,The Wizard of Oz,movie,1939,25637669.0,8.1,470727,92.0,1930
tt0058946,The Battle of Algiers,movie,1966,963474.0,8.1,76541,96.0,1960
tt0476735,My Father and My Son,movie,2005,18612999.0,8.2,101710,NULL,2000
tt0019254,The Passion of Joan of Arc,movie,1928,22731.0,8.1,68877,98.0,1920
tt4016934,The Handmaiden,movie,2016,37962797.0,8.1,206661,85.0,2010
